source,subreddit,id,unique_id,title,body,url,author,created_utc,created_datetime,num_comments,score
reddit,boston,1nrk8o1,de9de9004efd6a62c8f99e2c71a6f209a8e859bfd128ee65e05ba345dbca233a,Health Resources for Trans Women open on Weekends!,"Hello everyone, my name is Tilly. I recently moved to Boston for work and I truly love the city, but I‚Äôve been running into some serious challenges when it comes to accessing healthcare.

I work about 14 miles outside the city and leave home before 8 in the morning, not returning until after 6 in the evening. By the time I get back, nearly every clinic is closed. This has made it very difficult to get the care I need. Right now I‚Äôm actively searching for both a psychiatrist and an endocrinologist, but I have not been able to find anyone who offers weekend hours or later evening appointments that would fit my schedule.

I do have insurance through UHC, but the options I‚Äôve found so far are extremely limited. The one endocrinologist I managed to get find an appointment with was booked two months out, and the out-of-pocket costs were very high. I can‚Äôt wait that long, and I really need to find something more accessible as soon as possible.

If anyone knows of providers in Boston who are trans-friendly, open on weekends, or available for later appointments, please share. I would be so grateful for any help or recommendations.",https://www.reddit.com/r/boston/comments/1nrk8o1/health_resources_for_trans_women_open_on_weekends/,Aromatic_Net6137,1758941390.0,2025-09-26T22:49:50,22,0
reddit,boston,1npc4r4,93a1964553b48d0aebb75f1d1f3d1e0251489a839a4c4a8e6d0b5dc88c41f20d,Bees above door frame.,"Hi all, I‚Äôve got bees burrowed above my front door frame in my apartment my wife and I are renting. I reported it to them a month ago, and have been texting with management. It took them until last week and I have already been stung on the arm for the maintenance guy to come out say they weren‚Äôt that big of a deal, then two days later he dropped off a can of gaps and cracks to fill it. I expected someone to come the next to day to fill it, well that was a week ago. This morning I got stung on my eye and I‚Äôve had it. What can I do? I contacted the Department of Inspectional Services, they told me that it‚Äôs a state issue since all bees are protected, then she gave me the number for The Department of Public Health, they have an automated service I press 0 to speak to an operator and then it doesn‚Äôt ring and it says ext- 2005501 is not available and to leave a message. What should I do and who should I call to fix this? Thanks",https://i.redd.it/e5lt52iv64rf1.jpeg,pooticus,1758720459.0,2025-09-24T09:27:39,29,39
reddit,boston,1nn0hxo,61062cb6ccb620620ddfe17cb1415ce5c21f5c3ec46d380c5715087dbc776dd1,"Where to donate high quality furniture, appliances, decor, etc?","Where to give away a nice stuff?

A member of my family sadly passed away a few months ago at a relatively young age.  They left behind a very nice one bedroom apartment (Roslindale) filled with high quality furniture, appliances (like a Miele vacuum cleaner), and effects (artwork, lamps, etc).  My relative had really good, somewhat expensive taste, this is not cheap stuff. None of it is antique, but it‚Äôs all quality and they were meticulous about keeping their home clean. It‚Äôs all like new. 

The will is currently going through probate but the sole heir does not want most of this stuff, nor any proceeds from selling them. 

We would ideally like to find a non-profit that would accept and pick up some or all of this stuff. And of course there are the usual suspects, but to honor the memory of my relative we‚Äôd love to find a charity or non-profit able to handle this donation that served mental health for poor folks, children (especially girls or young mothers), recently released prisoners, or the unhoused specifically, in about that order of preference.  For example, Habitat for Humanity would be ok if we can‚Äôt get closer to something specific to the categories enumerated above. Smaller and more local to Boston is better.  My relative (like me!) was raised in Boston and lived here all their life, and loved this city passionately. So we‚Äôd like the benefit to stay here. 

We realize we could have an estate broker handle the whole thing and just give the cash proceeds as a donation, but those proceeds  are likely to be much less  than this stuff may be a worth. Conservatively I‚Äôd guess there‚Äôs five thousand bucks worth of furniture (at used resale value) alone.  And it‚Äôs all in showroom condition. 

Any suggestions would be most welcome, thank you. ",https://www.reddit.com/r/boston/comments/1nn0hxo/where_to_donate_high_quality_furniture_appliances/,MonsieurReynard,1758481352.0,2025-09-21T15:02:32,28,70
reddit,boston,1nkl6rj,6be589be9b79e135b87634cdff3345f923564ea534abdfea91fade820dec0118,"Grasshopper Vegan Cafe, Super 88 Food Court, Reopens (Again)!","Grasshopper Vegan Cafe has reopened once again!

Months after closing their original location on Brighton Avenue in Allston during the summer of 2025, Grasshopper reopened in the Super 88 Food Court. Unfortunately, the Super 88 food court, following failed health inspections, closed for repairs in June.

As of Wednesday, September 17th, the food court has reopened and Grasshopper is once again open for business!

Per their latest Facebook post, they have been struggling due to these closures. Go out and show them some love!",https://i.redd.it/d2e6hnqwszpf1.jpeg,BaroqueBass,1758231485.0,2025-09-18T17:38:05,8,123
reddit,boston,1nk7xp0,9f6a60a0edbbf76c039e760a89f360c987e807eeace47f72a0037aa9a2c94310,Boston launches first 24/7 public health vending machine providing free supplies,,https://www.wgbh.org/news/local/2025-09-17/boston-launches-first-24-7-public-health-vending-machine-providing-free-supplies,crabcakes110,1758201186.0,2025-09-18T09:13:06,12,166
reddit,boston,1njuv7b,075d9d4e50aec7db5221ba4f0ba89413c6618d98c32dd57c13ce7488c2d593b5,ISO therapeutic preschools for children with developmental delays & behavioral challenges,"Hi everyone,

I‚Äôm looking for recommendations for therapeutic preschools in Boston (or nearby) that serve children with developmental delays and significant behavioral/emotional needs. Ideally programs with strong support teams (mental health, special ed, related services) and experience with kids on the autism spectrum and/or with trauma histories.

Any leads, experiences, or resources would be greatly appreciated!

TL;DR: Looking for therapeutic preschools in Boston area for kids with developmental delays + behavioral challenges.
",https://www.reddit.com/r/boston/comments/1njuv7b/iso_therapeutic_preschools_for_children_with/,Majestic_Progress352,1758157736.0,2025-09-17T21:08:56,3,4
reddit,massachusetts,1nsah5m,79a730d8ba0fbe748d481c7cccbf482a1b87d4cd41150fd62f2e7867e9f3f312,any recommendations for good group homes for autistic adults in or near Boston or Worcester ? or anyone whos been through adult foster care or knows someone who has been through for autism?,"any recommendations for good group homes for autistic adults in or near Boston or Worcester ? or anyone whos been through adult foster care or knows someone who has been through for autism?

i have autism im 24 and a girl and im asking for myself and possibly my best friend too.we are from out of state but want to live here 

we are in a mental health group home in near Worcester but i may have to go to a higher level care if i have another autistic meltdown i was told today cause i had 2 violent to self autistic meltdowns..  ive experienced this before in 2023 -24 being moved from group home to group home cause they said i needed higher level care cause my autism but time after time they kept moving my from place to place with none being a good fit before i ended up getting drugged back to hometown. 

also i feel like im barely getting bye here because im not getting the right support because everyone else is able to do all these things and i struggle with the most easy for others tasks its makes me feel behind and not very good 

i need a place that is good for me as a person with more higher support needs then most so i dont have to go from place to place with none being a good fit like my before experiences. and a safe place too.",https://www.reddit.com/r/massachusetts/comments/1nsah5m/any_recommendations_for_good_group_homes_for/,Fearless_pineaplle,1759018641.0,2025-09-27T20:17:21,18,56
reddit,massachusetts,1nqrgcs,d2166df8c76db2ec7f8b8b22102b9af5eb63c74d5e6967a7a9ab4b39b0498d22,"TLDR: ""refusing suitable work"" = I have to accept even terrible, predatory job offers or else lose unemployment, right?","There are only so many jobs in my field that fit my qualifications and, while I wait to hear back from them (and keep following up with them), I've been checking for new postings to apply to and doing career center webinars to hit the 3 work activities a week.

Well, there's one company that I kept seeing, posting on pretty much all the job search sites, with the postings clearly constantly being refreshed because they always showed up as being posted in the last few days.

I was getting bad, predatory vibes and Googled the company - I didn't see the best reviews from former employees and there were definitely some concerns, but last week, I decided what the heck, I can see for myself how it is, and at the very least maybe I‚Äôll get to practice my interviewing skills, so I applied.

I got an ""interview"" that was basically telling me about the company and the job, then asking me like 2 surface level questions that gave them no sense of me as a person or employee.

Then, I was offered a job.

The pay is bad and non negotiable. Like, what I'd made with a few years less experience \*and\* before I got licensures/certifications that are associated with a like 50% pay bump. Sure, I could \*survive\* off the pay, but I couldn't save for retirement or even really build back the emergency fund I've dipped into, etc.

\*And\* I would be trapped with being unable to supplement the low pay because the contract says I'd have to get the company's permission to do any other work. Doesn't matter if it were outside work hours and in no way competing with or a conflict of interest with my work for them (think not even be able to give a training, etc.).

There are also no professional upsides/perks - no opportunities to collaborate with colleagues, to network, or in any way grow professionally or strengthen my resume. Plus, even if I'm proactive about trying to engage with coworkers, given the ""interview"" and the bad pay, I worry that the company attracts a decent amount of employees who are naive, desperate, and/or just really don't care about their work and doing their job well.

The final concern is that a lot of the backend onboarding stuff takes time, so I wouldn't even be able to start for like 8 weeks. I'd just be sitting around dreading my start date.

Genuinely, the only reason I'd take the job is because I'm assuming that I'll lose unemployment if I turn it down.

If I'm being honest, I feel like I'm headed toward a psych hospitalization at this point - either from the stress of losing unemployment or from signing on with a company that clearly just wants to use me and exploit me in a way that triggers an extensive trauma history. Like, I feel like I'm being forced to take a job that I might not even be able to do because of how badly my mental health might tank. And I've never felt that way about a job before; I've never had a job trigger my trauma history. And I really can't afford an inpatient stay right now.

But, I have to accept or else forfeit unemployment, right?",https://www.reddit.com/r/massachusetts/comments/1nqrgcs/tldr_refusing_suitable_work_i_have_to_accept_even/,meerkatmensch,1758859037.0,2025-09-25T23:57:17,35,95
reddit,massachusetts,1nlihdb,ca39debfb68d686688e6a7dee66549e44640be52f4d677bf65117dc8fcce301f,Several Northeastern states and America's largest city announce the Northeast Public Health Collaborative,,https://www.mass.gov/news/several-northeastern-states-and-americas-largest-city-announce-the-northeast-public-health-collaborative,cos,1758323696.0,2025-09-19T19:14:56,4,82
reddit,massachusetts,1nkk3yg,afb7df64cbfa4b0482168845aa52696ec947da3eb53ea5eee9c0e476da45dca1,Massachusetts Joins New Regional Public Health Collaborative,,https://thisweekinworcester.com/mass-joins-reg-public-health-collaborative/,BigDaddyJohnJohn,1758228955.0,2025-09-18T16:55:55,5,138
reddit,massachusetts,1nkczar,aa0b843a7a5c7b42cd2e9846b910cec8f7f6c467bc76c8cceb1beddf1e0f3e2e,Several Northeastern States and America‚Äôs Largest City Announce the Northeast Public Health Collaborative,,https://www.nyc.gov/site/doh/about/press/pr2025/announce-northeast-public-health-collaborative.page,bryan-healey,1758212839.0,2025-09-18T12:27:19,40,744
reddit,massachusetts,1niibwz,34f0ef1dc837b30d7170fc1dbbf85d6e5be722a5313097a5aa8ff56700f9bac9,A new legislative accord will direct $234 million to hospitals and community health centers in Massachusetts (State House News),,https://archive.is/l1ZFV,HRJafael,1758031274.0,2025-09-16T10:01:14,6,74
reddit,massachusetts,1nf9220,f039103fae6b8f3200bd999d614e071412379bd56e4ba8102cd27d3c334b8069,Support Pro-Choice with the Attleboro Clinic Escorts,TL/DR - the fake abortion clinic that set up in Attleboro next to the legitimate Four Women's Health Services is holding their annual fundraisers later this month. This event helps them lease space and fund their operations all year round. Stand up with us to support choice and oppose their campaign of disinformation. ,https://www.reddit.com/gallery/1nf9220,Kaoswzrd,1757697414.0,2025-09-12T13:16:54,3,103
reddit,massachusetts,1ndlsed,078421662d6d7a128af3302ac39235ce89961f01e393b3b3ee03ad24ef3137c3,Mass. mom shares how her son's death turned her into a vaccine advocate,"Hi all - I wanted to share this article from a few days ago that featured one of Massachusetts Families for Vaccines's parent advocates. We are so grateful to Kat for sharing her family's story and honoring Brady's memory through her work.

The news story coincided with the release of our [poll](https://www.mafamiliesforvaccines.org/polling25) showing that 70% of Massachusetts voters support eliminating the religious exemption from required school vaccines by passing H.2554/S.1557. This is the fourth legislative session in which our bills have been introduced, and the issue is more urgent than ever (especially with other states like Florida moving in the opposite direction), so we are trying to make sure that legislators understand that these bills really are popular! We are grateful to Governor Healey and the Massachusetts DPH for their recent leadership on COVID vaccine access, and hope that the legislature will take this next step to improve herd immunity across Massachusetts.

H.2554 has advanced out of the Public Health Committee, but S.1557 is still waiting for a vote there, so one of our priorities right now is reaching out to senators on the Committee. You can email five of them at once [here](https://www.mafamiliesforvaccines.org/publichealthcommittee). You can also sign up for our email list to get updates [here](https://www.mafamiliesforvaccines.org/updates).

Thank you so much for taking the time to read this, and thank you even more if you are able to take action through our site! I've been working on this issue for a long time but it is especially personal to me right now since I am almost 39 weeks pregnant and about to have a baby with very little protection against things like measles. I'm really grateful to live in a place where the overwhelming majority of people care about protecting themselves and others in their community.",https://www.wcvb.com/article/mass-mom-shares-how-her-sons-death-turned-her-into-a-vaccine-advocate/65982505,vaccinatemass,1757527816.0,2025-09-10T14:10:16,62,431
reddit,massachusetts,1nbkzpt,b18ef14e68b7635b347f645b359216b61aea6b9cdb279de2c515ef91c647e987,I have a coworker would grew up in Louisiana and said she would never move back down south or anywhere with few government services.,"I have coworker who was born in the early 2000s. 

One day we were the last two people in the office, waiting for the clock to tick down to 5PM. I didn‚Äôt know her well even though we sat near the same set of cubes. She was quiet and introverted and I mostly left her alone. We didn‚Äôt work together on the same projects.

On this day, I said hi to her, asked her how she was doing and asked what town she was from in Massachusetts or New England, assuming she was from here. She spoke with no accent so hence the assumption. 

To my surprise, she said she actually grew up in poverty near Monroe, Louisiana. She spent the first few years of her life in a house with no indoor plumbing. Her family later ‚Äúupgraded‚Äù to a former FEMA trailer that was used to house people in the aftermath of Hurricane Katrina. 

As a teenager and young adult, she worked at various fast food joints for close to federal minimum wage. Most of her coworkers at these places were frequently on drugs or weren‚Äôt really reliable or well-put together. Before she moved to Massachusetts, she worked as an assistant manager at a Popeyes making like $11 an hour in 2022. 

In fact, she mentioned how much substance abuse there was in the community where she grew up. 

She also mentioned how Northern Louisiana is kind of sketchy and dangerous. She laughed at the suggestion that there‚Äôs any place in Massachusetts that‚Äôs ‚Äúrough‚Äù. She was frequently cat-called and mentioned how she was in fear for her life a few times while living in Northern Louisiana. She has not been cat-called at all in Massachusetts in the three years she‚Äôs been here.

She went to college part-time online and applied for all sorts of jobs outside the South, hoping to get out. Eventually she did, bringing her boyfriend with her. They now live just outside Boston. 

I remarked that Massachusetts is an expensive state and that lots of natives move down South because of the cheaper cost of living and nicer weather. She was aghast. ‚ÄúNicer weather? It‚Äôs sticky most of the time!‚Äù Cheaper cost of living? ‚ÄúIt was on the backs of people making federal minimum wage!‚Äù

She mentioned wanting to move closer to work and I replied that New Hampshire is a cheaper place to live closer to where our office was. 

She told me she would never move to a place like NH after having grown up in the South. She said she didn‚Äôt want to move to a place with ‚Äúfew government services‚Äù or ‚Äúpeople who didn‚Äôt value them‚Äù. 

Having heard a southerner‚Äôs endorsement of this state makes me reconsider my complaints about this state‚Ä¶",https://www.reddit.com/r/massachusetts/comments/1nbkzpt/i_have_a_coworker_would_grew_up_in_louisiana_and/,easye_was_murdered,1757330367.0,2025-09-08T07:19:27,653,2910
reddit,massachusetts,1nb05bx,4cf960167298ad268cade2c5162ded1d6f3676e744e2755bbe05bfd1a8a97520,So I royally messed up by not updating my job info on Mass HealthConnector and now I need to know how to rectify it,"So exactly as the title states, I need help to know what to do in this situation. I've had two jobs I've worked at and left this year and neither I have put on my application for this year. I just need to know if i need to add the past jobs and how. For example when I try to add my previous job to my 2025 app there's no way to indicate that I left it, so wont it count towards my yearly income as it'll presume i have it every month of the year even if I didn't?",https://www.reddit.com/r/massachusetts/comments/1nb05bx/so_i_royally_messed_up_by_not_updating_my_job/,Lant0rn,1757268167.0,2025-09-07T14:02:47,4,4
reddit,cambridge,1noevym,c8f00e4bd5b39648a31cf10ace5807f5d8e1f0dbc9d9ba667b2bbe1317f56a8f,Noisy students/HMO,"This is mostly a rant but also has anyone experienced the same? We live next to a HMO in Romsey and it's just so noisy. We do live in a 1930s terrace which doesn't have the best sound insulation, but equally we've had students who aren't a bother which suggests it's a people problem rather than just insulation.

After a couple of years of considerate tenants we're back to constant screaming and slamming (and I mean wall shaking) from 11-3am every night. Also mild annoyances like using our dropped kerb as their personal parking spot.

We've had a quote for full back to bricks sound insulation and decoration which is ¬£20k+ just for downstairs, which won't resolve upstairs, which would presumably be another 20k. We've decided we need to move which is shit but we can't control them we can only control what we do next.

We had planned to move last year but had to care for a terminally ill family member, and I also have some ongoing medical issues. I also have PTSD I'm being treated for so the loud noises waking me up are a treat. 

Aside from speaking with them, we've tried all the usual, estate agent, council, councillor, university (ARU) The neighbours themselves literally said we should be 'kinder' as they're students. Not sure what to do with that information. They then proceeded to stand out in the street two nights later drunkenly screaming that we should go and fuck ourselves. That's not very kind, haha.

Anyways, am I missing something? I thought our MP, but what could they do? Doesn't seem extreme enough for police. I just need to get through the next six months while we put the house on the market and move. Currently it's like sleep roulette and my mental health is deteriorating üò≠

Edit: thanks for everyone's suggestions. ARU and the agency have identified the students and will be speaking to them in person. Hopefully it'll calm down and we can enjoy our home in peace...",https://www.reddit.com/r/cambridge/comments/1noevym/noisy_studentshmo/,writingtoreachyou,1758627180.0,2025-09-23T07:33:00,35,32
reddit,cambridge,1nkg1no,0184537d114f216812cecfac0ed8442422c0571b33224741a5d017a63dd6fe76,Current water quality around Granchester Meadows? (Wild swimming),I‚Äôve avoided swimming around Granchester for a few years after reading the horrific levels of sewage dumped in there in recent times. What have you heard recently about the quality of the water? ,https://www.reddit.com/r/cambridge/comments/1nkg1no/current_water_quality_around_granchester_meadows/,Own-Hat-7815,1758219659.0,2025-09-18T14:20:59,4,1
reddit,cambridge,1n7d6sc,66b54bb7874a5fbd22f9fe2890fc62e7deefd0c90e671e8adb6ca17604a11330,Mens Mental Health Walk in St Ives,,https://i.redd.it/pq8tb3aspkmf1.jpeg,Silly-Relation-2781,1756901785.0,2025-09-03T08:16:25,6,70
reddit,MassachusettsUSA,1nkhefc,5ce78702166be906fb14829d33e037c6232f5287953124b84294350751e70ca8,Several Northeastern states and America‚Äôs largest city announce the Northeast Public Health Collaborative,,https://www.mass.gov/news/several-northeastern-states-and-americas-largest-city-announce-the-northeast-public-health-collaborative,HRJafael,1758222738.0,2025-09-18T15:12:18,0,28
reddit,MassachusettsUSA,1nifpy8,a83250d6030d87fc4d88c374aabf099eea012e2d21a223e485269cae1b03927c,A new legislative accord will direct $234 million to hospitals and community health centers in Massachusetts,,https://archive.is/l1ZFV,HRJafael,1758024737.0,2025-09-16T08:12:17,0,4
reddit,MassachusettsUSA,1n7qzau,75585b43c929654defa5f7353631a5c239249ac0381431ebcf16e3d95516e4ea,The Department of Public Health has recently issued a standing order allowing for all qualified pharmacy personnel at Massachusetts pharmacies to dispense and administer COVID-19 vaccine in Massachusetts to all eligible persons.,,https://www.mass.gov/news/standing-order-for-dispensing-and-administration-of-covid-2025-2026,HRJafael,1756933523.0,2025-09-03T17:05:23,0,1
reddit,CambridgeMA,1nrk93m,c0ccf08b9ef129cf4a409426172420a519762663069f8732946cab018d463440,Health Resources for Trans Women open on Weekends!,,/r/boston/comments/1nrk8o1/health_resources_for_trans_women_open_on_weekends/,Aromatic_Net6137,1758941427.0,2025-09-26T22:50:27,1,1
reddit,CambridgeMA,1nkjo42,2cae38c5aa9feadf44d4bf86e8eed886305d7decac4e46b014848b7b999884d6,Thank you to the Health & Environment Committee!,"

[Chair Patty Nolan](https://preview.redd.it/4s38nwmwgzpf1.jpg?width=768&format=pjpg&auto=webp&s=902513be19a3e35dbc9017710ac385138f562e61)

At the urging of¬†**Chair Councillor Patty Nolan,**¬†the Health & Environment Committee of the Cambridge City Council¬†**voted unanimously**¬†to push forward Combined Sewer Overflow (CSO) legislation. The new legislation will soon go to City Council for a final vote.

https://preview.redd.it/6bqn2oz4izpf1.jpg?width=542&format=pjpg&auto=webp&s=a9f6046bbc16865a5c2271ccfa78f2410bc56e2a

https://preview.redd.it/4t1l7qj1hzpf1.jpg?width=768&format=pjpg&auto=webp&s=01cd1e03d61b71a88fbdf6e0ae283a59e3f9e55f

Thank you to the Health & Environment Committee‚Äôs¬†**Chair Patty Nolan, Councillors Wilson, Siddiqui, Azeem, and Sobrinho-Wheeler**¬†for pushing forward legislation to end sewage pollution. Thank you also to¬†**Vice Mayor McGovern**¬†and¬†**Councillor Zuzy**¬†for their participation and support.¬†¬†

Thank you to¬†**Emily Norton**¬†and¬†**Julie Wood**¬†from Charles River Watershed Association. Thank you to¬†**Patrick Herron**¬†from Mystic River Watershed Association.

Thank you especially to Cambridge‚Äôs excellent¬†**City Engineer Jim Wilcox**, who shares his 15 years of deep knowledge of combined sewer projects in the city.

# Here‚Äôs what the legislation will do, if passed by the City Council:

**It asks the City Manager to‚Ä¶**

* Work with the newly formed Coalition to End Sewage Pollution.
* Create a Combined Sewer Overflow Commission.
* Provide a cost-benefit analysis of a 25-year level of CSO control.
* Improve stormwater regulations.
* Include green stormwater infrastructure.
* Improve public outreach regarding sewer infrastructure planning.

# Why is this important?

The Massachusetts Water Resources Authority has¬†**not**¬†taken seriously feedback from watershed advocates. Despite enormous public outcry, the MWRA refuses to include feedback from the public in their sewage pollution plans. The amount of sewage that is dumped into Alewife Brook is illegal and MWRA knows it. But MWRA wants to continue using Alewife Brook as an open sewer, despite having the financial ability to fix the problem.¬†

The collaborative planning process between Cambridge, Somerville, and MWRA is ongoing. This local legislation is separate from that effort. It creates another avenue for Cambridge to create it‚Äôs own a path towards community health by ending sewage pollution.

# What‚Äôs next?

**1.**¬†MWRA, Cambridge, & Somerville will host their big public Sewage Pollution Planning Meeting on 9/25.¬†This is the last public meeting that they will hold before submitting their sewage pollution plans to EPA and MassDEP.

**2.**¬†We expect Cambridge City Council to deliberate on the newly proposed legislation. The vote from the Health & Environment Committee will happen as early as September 29th.

# The Presentations.

You can watch the video of the Committee‚Äôs hearing¬†[**here**](https://cambridgema.granicus.com/player/clip/1069?view_id=1&redirect=true)¬†on Combined Sewer Overflows from September 9th, 2025.¬†

The Committee listened to a presentation from¬†**City Engineer Jim Wilcox**.¬†**Emily Norton**¬†and¬†**Julie Wood**¬†from the Charles River Watershed Association had an awesome presentation.¬†**Patrick Herron**¬†from Mystic River Watershed Association was amazing! **Kristin Anderson**¬†&¬†**Eppa Rixey**¬†from Save the Alewife Brook presented last.

[City Engineer Jim Wilcox](https://preview.redd.it/dp9aft99hzpf1.jpg?width=768&format=pjpg&auto=webp&s=a2e0cdca106c654d776eede837d46f8c09da1dba)

**City Engineer Jim Wilcox**¬†said, ‚ÄúThe crown jewel of the CAM 004 \[CSO sewer separation project from twenty years ago\]¬† was the construction of the Alewife Wetland. This wetland was constructed in the Alewife Reservation as part of sewer separation work. We need to demonstrate that we‚Äôre not increasing flooding‚Ä¶ the Alewife Wetland serves two purposes. One is it provides what‚Äôs called stormwater detention, which is control of flows \[meaning reduction of flooding\]‚Ä¶ It also provides treatment of stormwater through the plants and soils. This is a four acre installation,‚Ä¶ a $12 million component of the CAM 004 \[Huron and Concord Ave area \] sewer separation project.‚Äù

https://preview.redd.it/lpszevnchzpf1.jpg?width=512&format=pjpg&auto=webp&s=0455748f690270803b6a741902c01ff109c871fe

The 3.4 acre Alewife Stormwater Wetland reduces flooding and improves storm water quality. **Note: there are many more acres of state land available near Alewife Brook for more constructed Stormwater Wetlands.** Photo credit: MWRA

https://preview.redd.it/x96y81gfhzpf1.jpg?width=768&format=pjpg&auto=webp&s=555a22a78553045c8b5ee62085f2d005985e3c08

**Emily Norton**, Executive Director of Charles River Watershed Association stated, ‚ÄúIt is¬†**not legal**¬†to dump sewage in our rivers.‚Äù

https://preview.redd.it/2o3smaighzpf1.jpg?width=564&format=pjpg&auto=webp&s=e93f15036a7297916a1286977c8a82da3c05def9

**Patrick Herron**, Executive Director of the Mystic River Watershed Association said, ‚ÄúImagine if you have just used the toilet and you live in a combined sewer area in Cambridge, you flush the toilet and whatever happened in that toilet arrives at Alewife Brook in the condition that it left. It‚Äôs not treated‚Ä¶. There are real consequences to this‚Ä¶ **We would support one of two outcomes: complete sewer separation OR a 25-year level of control.**‚Äù

https://preview.redd.it/fu2fnn0ihzpf1.jpg?width=768&format=pjpg&auto=webp&s=620306d3dadd7f963128f29df4725fb039dc43b3

**Eppa Rixey**, Steering Committee Member from Save the Alewife Brook said, ‚ÄúWe don‚Äôt see Cambridge committing to sewer separation in the Long Term Sewage Control Planning process.‚Äù Cambridge needs to include sewer separation in the Long Term Sewage Control Plan.

# The Roundtable Discussion

https://preview.redd.it/5o35ip9jhzpf1.jpg?width=768&format=pjpg&auto=webp&s=99eb16c2cee8a9e73093c84719ee21f6c9fb7791

**Chair of Health & Environment Committee Councillor Patty Nolan**¬†said,  
‚Äú**It‚Äôs a public health threat**, in addition to a calamity and an economic disaster when that flooding occurs‚Ä¶ It‚Äôs an existential threat that affects our lives across so many different domains. We need to keep that in mind as we think about ways to do this‚Ä¶¬†**How can we not address this when this is something critical to our future and livability as a city?**¬†**We‚Äôre Cambridge. We can solve this.**¬†And if we can‚Äôt, then who can? We look forward to hopefully having the Coalition work together with both the Council and the City Staff as we move forward, understanding this will supplement the work that‚Äôs being done.‚Äù

# Slowness of the Project Progress

With the Long Term Sewage Planning process now in its fourth year, Councillors at the meeting expressed concerns. They believe the City needs to move faster to end sewage pollution.

# Cost Concerns were raised

[Vice Mayor McGovern](https://preview.redd.it/id5ubpxmhzpf1.jpg?width=676&format=pjpg&auto=webp&s=4589bd3f1697fcf1d84a1d7ab50e0e3582ce5284)

**Vice Mayor McGovern**¬†said, ‚ÄúWhat are we doing at the State level to push our State Representatives and State Senators to figure out what they can do, to figure out how to get more money?‚Äù



[Councillor Cathie Zusy](https://preview.redd.it/791ym9aphzpf1.jpg?width=622&format=pjpg&auto=webp&s=5d8edabd8713a244302bff0cb7fdcc32fcfc2c10)

**Councillor Cathie Zusy**¬†asked, ‚ÄúWill we \[Cambridge\] be paying the $30 million \[for the CSO tank at Bellis Circle / Sherman Street\] or will MWRA be paying for it?‚Äù

Cambridge‚Äôs¬†**City Engineer Jim Wilcox**¬†replied, ‚Äúthat is part of the cost-sharing discussion with MWRA.‚Äù

**Charles River Watershed Association‚Äôs Executive Director Emily Norton said,**¬†‚ÄúI respect that MWRA tries to keep rates low. But how much do we value clean water? How much do we value not having toilet paper and tampon applicators going into our basements? How much do we value being able to swim in the Charles River? Our¬†[**Cut the Crap**](https://www.crwa.org/cutthecrap)¬†campaign is also directed at MWRA. People want to see this. Let‚Äôs have a conversation about how we pay for it. There are creative ways to raise funds.‚Äù

**Councillor Patty Nolan said,**¬†‚ÄúCambridge has been spending $30 to $50 million¬†***each year***¬†on sewer infrastructure and stormwater control.‚Äù

# Neighborhood construction concerns came up.

https://preview.redd.it/ko5v5v9shzpf1.jpg?width=230&format=pjpg&auto=webp&s=a09c398907366ecb1faacaab020c20ab581c7184

**Councillor Azeem**¬†said, ‚ÄúThe neighbors feel that \[sewage pollution\] is a negative impact already. So maybe the neighborhood would be willing to put up with disruption in the short run, if it meant that \[sewage pollution\] would become less of a problem in the future.‚Äù

  
**Cambridge City Engineer Jim Wilcox said,**¬†‚ÄúWhen we do these sewer separation projects, it‚Äôs not just doing the sewer separation work. We also have to look at the condition of the other utilities that are in the street, particularly water utilities, gas utilities. So it‚Äôs not just sewer separation work, it‚Äôs also other work that needs to be done at the same time.‚Äù

https://preview.redd.it/2jmiettthzpf1.jpg?width=229&format=pjpg&auto=webp&s=6ee21b5c220cece42bd0a228f2c44b3f5790267b

**Councillor Wilson said, ‚Äú**That health conditions have developed from not handling this sooner is a concern to me‚Ä¶ In terms of timeline, where is the level of urgency when working with our capital partners \[MWRA & Somerville\]?‚Äù

**Vice Mayor McGovern**¬†said, ‚ÄúI know the concerns around doing too much construction and too much upheaval in neighborhoods. And I know construction is never a pleasant thing. But it‚Äôs necessary. And I‚Äôm glad that we‚Äôre a city that is continuing to invest in infrastructure improvements. I, too, want to be on record saying, how can we move more quickly?‚Äù



https://preview.redd.it/zod3a0jvhzpf1.jpg?width=542&format=pjpg&auto=webp&s=b60e3b3d0795e37e22817eaf04b12265c5db33d2

**Thank you to all of the members of Save the Alewife Brook who participated by providing written and spoken comments for the Health & Environment Committee meeting:**

Suzanne Egean Beverly, Ann Stewart, Gwen Speeth, Heather Hoffman, John Tortelli, Ann McDonald, Rob Moir from The Ocean River Institute, Susan Callanan, Christopher Logan, Eric Grunebaum, Marina Goreau Atlas, Lois Josimovich, Lori Stokes, Melanie Abrams, Reva Stein, katherine dander, MARCIA CIRO, Peggy Lynch, Meredith Olsen, Elizabeth Thomason, Silvia Dominguez, Martha cleveland, Carlee Blamphin, Amy Cohen, Patty Hnatiuk, Naomi Dworkin, Mark Paglierani, SUSAN GOULD, Janine Hart-Hueber, Alida Castillo, Darci Hanna, John Tortelli, Rob Vandenabeele, Trudi Goodman, Carolyn A White, Kathryn Goldenoak, Richard Rabin, Elaine Lyte, Elizabeth Jochnick, Anna Cavallo, Holly Pearson, Ilana Blatt-Eisengart, Sue Gill, Liana Laughlin, Resa Blatman, McNamara Buck, Andrea Landman, Lois Grossman, Marcia Ciro, Ellen Mass, Nate Mendes, Joy Hackel, Eric Mooney, Candace Esslinger, Sahba Salarian, Michelle Gulen, Elizabeth Merrick, Jordan Weinstein, Elaine Campbell, Kristin Anderson, Michael Behizadeh, Meryl Becker",https://www.reddit.com/r/CambridgeMA/comments/1nkjo42/thank_you_to_the_health_environment_committee/,SaveTheAlewifeBrook,1758227925.0,2025-09-18T16:38:45,18,14
reddit,CambridgeMA,1nec6tj,b51d0853bfcc0fd99610dc74ad7773336184b6e5c1ce5932775fca7896f4e3f9,Report from ABC City Council Candidate Forum at the Cambridge Senior Center 9/10/2025,"**Report from ABC Candidate Forum at the Cambridge Senior Center 9/10/2025:**

I went to this so you didn't have to! Actually I went to do some research for my show and it was steps from my apartment. Speaking of my show, did I mention we've interviewed all of the challengers (except for Robert Winters (LibsofTikTok fan) and Tim Flaherty (he had to cancel interview due to court obligation and wasn't interested in rescheduling) here?: [What's That About? Special 2025 Challenger Candidate for City Council Interviews](https://www.youtube.com/playlist?list=PL395FYpKfPtnFQU19IENUFnKuO4VWDRG8)

Here are my notes:

**Most Importantly** Mayor Denise Simmons couldn't attend because ICE kidnapped some poor Cambridge soul off the street. She stopped in to announce this had happened and that they were working to help the family involved, but wouldn't have any more details till later.¬†

On to the non-fascist stuff:

There were two separate forums, adding up to 14 candidates. Each candidate was given 90 seconds to introduce themselves. After the intros, each candidate was asked questions for 4 minutes in turn by Jesse Kanson-Benanav, Executive Director of Abundant Housing MA (CORRECTED), based on the candidate's answers to the ABC [questionnaire](https://www.abettercambridge.org/25quest). The candidates did not interact much with each other's answers. Below are my brief impressions of what they said based on my notes. I'm trying to stay as accurate to the meat of what they actually said, minimizing editorializing.

Group one: Patty Nolan, Ned Melanson, Ayah Al-Zubi, Zion Sherin, Peter Hsu, Ayesha Wilson, Marc McGovern

**Patty N**: Says: she is data-driven ""for better or worse"". Not afraid to take unpopular positions if the data tells her to. She says  she wants 5 foot ""step-backs"" for higher stories of tall buildings along Mass Ave corridor, not ""set-backs"" which was what she wrote? Seems to be for rent stabilization. Says she wants to streamline ""onerous"" regulations.¬†

**Ned M**: Says: Housing is the most pressing issue of our time. It is morally important to build more density in transit oriented Cambridge. ""Suburban experiment has failed"" Environmentally the right thing to do. Blue states need more housing. Says he supports Social Housing.

**Ayah A-Z**: Says she is a renter who has been forced to move 5x in 7 years, forced her to organize her fellow renters for tenant protections, if elected vows to push city for much stronger tenant protections. Strong advocate for ""deeply affordable housing"" and social housing. Wants to center communities of color. Took city to task for shutting down transitional wellness center shelter. Aims to re-open a non-congregate shelter if elected.

**Zion S**: Spoke for co-ops and more dorm-like housing for young people. Wants to leverage bond rating to build affordable housing. Wants to go back to previous setbacks in neighborhood and spoke a lot about not changing neighborhoods in push to build more housing. Wants to keep yards, says ""green roofs can't support bunnies"".¬† Doesn't seem to want to knock down any building more than 50 years old. Says knocking down buildings is very disruptive and ruins neighborhoods, he knows because he's been on construction work sites, unlike his co-candidates(he implied)¬†

**Peter H**. Says he's the only one running on a public health platform. Says housing is a public health issue. Wants to prioritize housing for certain occupations. When asked, he said exact occupations would be picked by ""community discussion"". Wants to build tall on corridors and squares.¬†

**Ayesha W**: Wants to protect rights of people already here. Not ready to commit on CSQ rezoning, thinks we need more community input. Says because the community is not sure, she is not sure. Will only be ready when community is ready. Also backs social housing.

**Marc M**: Says ""I'm lucky, I've always had a place to live."" Even when his family struggled growing up. His great-grand parents bought their place in the 1920's. If not for them he¬† wouldn't be able to live here. ""Being housed shouldn't rely on luck"" Wants to build more affordable housing on public lands. Made the point that density not only good for the environment, but for the culture and small business. Also (my impression) subtly referenced Ayesha Wilson's comment by saying sometimes you need to make a controversial decision, it's the job.

\------

Group Two: Stan Rivkin, Burhan Azeem, Sumbul Siddiqui, Dana Bullister, Louise Venden, Jivan Sobrinho Wheeler, Catherine Zusy (arrived later)

**Stan R**: Says: Cambridge is one of the most unequal cities in the country by income. We've relied too much on private developments. Strongly against decreasing 20% affordable housing requirement. Speaks strongly for ""deeply affordable housing"" and social housing. Points out most current affordable housing requirements completely leave out anyone making below 56k per year. Speaks for the need to raise taxes if necessary to achieve social housing goals, points out Cambridge has the lowest residential tax rates in the state.

**Burhan A**: When questioned on why he thought the proposed 8 stories on Cambridge St. corridor is too high, he mentions that those sizes don't pencil out and will falsely raise expectations. Thinks 6 stories is better. Points out the ""missing-middle"" that he tried to push through city-wide was partially criticized because it wouldn't produce enough housing. Wants to implement tax abatements to encourage more affordable housing construction. Thinks historical commissions influence should be reduced, currently they're being used as a NIMBY veto (my words) for good projects.

**Sumbul S**: Grew up in Cambridge Affordable housing. Wants to increase heights especially in squares and corridors. Wants to push infill housing, good for community and the environment.

**Dana B**: Says she loves Cambridge a lot. Wants more housing choices for people including smaller units and SROs if there's demand. Thinks its important to build more housing in Cambridge because it gives people option of being car-less. Status quo forces people to be drivers who don't want to be. Wants tenants to have more power to negotiate, and thinks best way to do that is to add more units. Wants to legalize mid-rise single stair housing, remove other unnecessary regs.

**Louise V**: Says Government needs to be accountable and city hasn't done enough research before implementing new housing regs. Wants to do more studies to figure out where to build housing. Says last study in 2019 (Envision Cambridge) is too long ago. Apparently doesn't think CSQ needs 18 stories, public doesn't want it. She used to be elected official in Provincetown, they had a housing trust and public-private housing partnerships. Wants to do more of those in Cambridge. Doesn't want to disrupt historic neighborhoods.

**Jivan S-W**: Backed new multi-family zoning, says less stringent setback requirements were necessary to change incentives. Status quo had meant triple deckers were vulnerable to being tore down and replaced with millionaire single family homes because setbacks were required (almost all existing triple-deckers would not be legal under old exclusionary zoning). Wants to increase linkage fees to fund more social housing.

**Catherine Z**: Voted against multi-family zoning because she says it will hurt neighborhoods. Won't support 2030 goal of 12,500 more housing units in Envision study. Walks back criticism of ABC as ""paid special interest group"". (I didn't catch exactly what she said, but she said she was cranky and didn't mean it)",https://www.reddit.com/r/CambridgeMA/comments/1nec6tj/report_from_abc_city_council_candidate_forum_at/,wombatofevil,1757605360.0,2025-09-11T11:42:40,47,28
